-- MySQL dump 10.13  Distrib 9.2.0, for macos14.7 (x86_64)
--
-- Host: localhost    Database: domain_analysis
-- ------------------------------------------------------
-- Server version	9.2.0

/*!40101 SET @OLD_CHARACTER_SET_CLIENT=@@CHARACTER_SET_CLIENT */;
/*!40101 SET @OLD_CHARACTER_SET_RESULTS=@@CHARACTER_SET_RESULTS */;
/*!40101 SET @OLD_COLLATION_CONNECTION=@@COLLATION_CONNECTION */;
/*!50503 SET NAMES utf8mb4 */;
/*!40103 SET @OLD_TIME_ZONE=@@TIME_ZONE */;
/*!40103 SET TIME_ZONE='+00:00' */;
/*!40014 SET @OLD_UNIQUE_CHECKS=@@UNIQUE_CHECKS, UNIQUE_CHECKS=0 */;
/*!40014 SET @OLD_FOREIGN_KEY_CHECKS=@@FOREIGN_KEY_CHECKS, FOREIGN_KEY_CHECKS=0 */;
/*!40101 SET @OLD_SQL_MODE=@@SQL_MODE, SQL_MODE='NO_AUTO_VALUE_ON_ZERO' */;
/*!40111 SET @OLD_SQL_NOTES=@@SQL_NOTES, SQL_NOTES=0 */;

--
-- Table structure for table `domain_subtags`
--

DROP TABLE IF EXISTS `domain_subtags`;
/*!40101 SET @saved_cs_client     = @@character_set_client */;
/*!50503 SET character_set_client = utf8mb4 */;
CREATE TABLE `domain_subtags` (
  `domain_id` int NOT NULL,
  `subtag_id` int NOT NULL,
  PRIMARY KEY (`domain_id`,`subtag_id`),
  KEY `subtag_id` (`subtag_id`),
  CONSTRAINT `domain_subtags_ibfk_1` FOREIGN KEY (`domain_id`) REFERENCES `domains` (`id`),
  CONSTRAINT `domain_subtags_ibfk_2` FOREIGN KEY (`subtag_id`) REFERENCES `subtags` (`id`)
) ENGINE=InnoDB DEFAULT CHARSET=utf8mb4 COLLATE=utf8mb4_0900_ai_ci;
/*!40101 SET character_set_client = @saved_cs_client */;

--
-- Dumping data for table `domain_subtags`
--

LOCK TABLES `domain_subtags` WRITE;
/*!40000 ALTER TABLE `domain_subtags` DISABLE KEYS */;
INSERT INTO `domain_subtags` VALUES (1,32),(1,33),(1,34),(1,35),(1,36),(1,37),(1,38),(1,39),(1,40),(1,41),(1,42),(1,43),(1,54),(1,55),(1,56),(1,57),(1,58),(1,59),(1,60),(1,61),(1,62),(1,63),(1,64),(1,69),(1,70),(1,71),(1,72),(1,73),(1,74),(1,75),(7,75),(1,76),(1,77),(1,78),(1,79),(1,80),(7,120),(7,276),(7,277),(7,278),(7,279),(7,280),(7,281),(7,283),(7,284),(7,285),(7,286),(7,287),(7,288),(7,290),(7,291),(7,292),(7,293),(7,294),(7,295),(7,297),(7,298),(7,299),(7,300),(7,301),(7,302),(7,304),(7,305),(7,306),(7,307),(7,308),(7,377),(9,424),(9,425),(9,426),(9,427),(9,428),(9,429),(9,430),(9,431),(9,432),(9,433),(9,439),(9,440),(9,441),(9,442),(9,443),(9,444),(9,445),(9,446),(9,454),(9,455),(9,456),(9,457),(9,458),(9,459),(9,460),(9,461),(9,462),(9,463),(9,469),(9,470),(9,471),(9,472),(9,473),(9,474),(9,475),(9,476),(9,477),(9,478),(9,484),(9,485),(10,490),(10,491),(10,492),(10,493),(10,494),(10,495),(10,496),(10,497),(10,498),(10,499),(10,500),(10,508),(10,509),(10,510),(10,511),(10,512),(10,513),(10,514),(10,515),(10,523),(10,524),(10,525),(10,526),(10,530),(10,531),(10,532),(10,533),(10,534),(10,535),(10,536),(10,537),(10,538),(10,539),(10,540),(7,551),(7,552),(7,553),(7,554),(7,555),(7,556),(7,557),(7,558),(7,559),(7,560),(7,561),(7,562),(7,563),(7,564),(7,565),(7,566),(7,567),(7,568),(7,569),(7,570),(7,571),(7,572),(7,573),(7,574),(7,575),(7,576),(7,577),(7,578),(32,1161),(33,1161),(32,1162),(33,1162),(32,1163),(33,1163),(34,1268),(34,1269),(34,1270),(32,1271),(33,1271),(32,1272),(33,1272),(32,1273),(33,1273),(32,1274),(33,1274),(32,1275),(33,1275),(29,1392),(29,1394),(29,1395),(29,1396),(29,1397),(29,1398),(29,1399),(32,1408),(32,1409),(35,1410),(35,1411),(29,1412),(32,1412),(29,1413),(32,1413),(29,1414),(32,1414),(29,1415),(32,1415),(29,1416),(32,1416),(29,1417),(32,1417),(29,1418),(32,1418),(29,1419),(29,1420),(29,1421),(32,1421),(33,1421),(29,1422),(32,1422),(33,1422),(29,1423),(32,1423),(33,1423),(29,1424),(32,1424),(33,1424),(29,1425),(32,1425),(33,1425),(29,1426),(32,1426),(33,1426),(29,1427),(29,1428),(29,1429),(29,1430),(35,1430),(29,1431),(35,1431),(29,1432),(35,1432),(29,1433),(35,1433),(29,1434),(32,1434),(29,1435),(32,1435),(29,1436),(32,1436),(29,1437),(32,1437),(29,1438),(32,1438),(32,1473),(32,1474),(32,1475),(32,1476),(32,1477),(32,1478),(32,1479),(32,1480),(32,1481),(32,1482),(32,1483),(32,1484),(32,1485),(32,1486),(32,1497),(32,1498),(32,1499),(32,1500),(32,1504),(33,1504),(34,1504),(35,1504),(37,1504),(32,1505),(33,1505),(34,1505),(35,1505),(37,1505),(32,1506),(33,1506),(34,1506),(35,1506),(37,1506),(32,1511),(32,1512),(32,1513),(32,1514),(32,1515),(32,1516),(32,1518),(33,1518),(32,1519),(33,1519),(32,1520),(33,1520),(32,1521),(33,1521),(32,1522),(33,1522),(32,1525),(33,1525),(32,1526),(33,1526),(32,1527),(33,1527),(32,1528),(33,1528),(32,1529),(32,1530),(32,1531),(32,1532),(32,1533),(32,1534),(32,1539),(32,1540),(32,1541),(32,1542),(32,1543),(32,1544),(32,1545),(32,1546),(32,1553),(32,1554),(32,1555),(32,1556),(32,1557),(32,1558),(32,1559),(32,1560),(32,1567),(32,1568),(32,1569),(32,1570),(32,1571),(32,1572),(32,1573),(32,1574),(32,1575),(32,1576),(32,1577),(32,1578),(32,1579),(32,1580),(32,1581),(32,1582),(32,1583),(32,1584),(32,1585),(32,1586),(32,1587),(32,1588),(32,1589),(32,1590),(33,1594),(34,1594),(35,1594),(37,1594),(33,1602),(36,1602),(33,1603),(36,1603),(33,1604),(36,1604),(33,1605),(36,1605),(33,1606),(36,1606),(33,1607),(36,1607),(33,1608),(36,1608),(33,1609),(36,1609),(33,1610),(33,1611),(33,1618),(33,1619),(33,1620),(33,1621),(33,1622),(33,1623),(33,1634),(33,1635),(33,1636),(33,1637),(33,1638),(33,1639),(33,1640),(33,1641),(33,1642),(33,1643),(33,1644),(33,1645),(33,1646),(33,1647),(33,1650),(33,1651),(33,1652),(33,1653),(33,1666),(33,1667),(33,1668),(33,1669),(34,1674),(35,1674),(37,1674),(34,1675),(35,1675),(37,1675),(34,1676),(35,1676),(37,1676),(34,1682),(34,1683),(34,1684),(34,1685),(34,1686),(34,1687),(34,1690),(34,1691),(34,1692),(34,1693),(34,1694),(34,1695),(34,1696),(34,1697),(34,1698),(34,1699),(34,1700),(34,1701),(34,1702),(34,1703),(34,1706),(35,1714),(37,1714),(35,1715),(37,1715),(35,1716),(37,1716),(35,1717),(37,1717),(35,1722),(35,1723),(35,1724),(35,1725),(35,1726),(35,1727),(35,1728),(35,1729),(35,1738),(35,1739),(35,1740),(35,1741),(35,1742),(35,1743),(36,1754),(36,1755),(36,1756),(36,1757),(36,1758),(36,1759),(36,1760),(36,1761),(36,1762),(36,1770),(36,1771),(36,1772),(36,1773),(36,1774),(36,1775),(36,1776),(36,1777),(36,1778),(36,1779),(36,1780),(36,1781),(36,1782),(36,1783),(36,1784),(37,1786),(37,1787),(37,1788),(37,1789),(37,1790),(37,1791),(37,1792),(37,1793),(37,1794),(37,1795),(37,1796);
/*!40000 ALTER TABLE `domain_subtags` ENABLE KEYS */;
UNLOCK TABLES;

--
-- Table structure for table `domain_tags`
--

DROP TABLE IF EXISTS `domain_tags`;
/*!40101 SET @saved_cs_client     = @@character_set_client */;
/*!50503 SET character_set_client = utf8mb4 */;
CREATE TABLE `domain_tags` (
  `domain_id` int NOT NULL,
  `tag_id` int NOT NULL,
  PRIMARY KEY (`domain_id`,`tag_id`),
  KEY `tag_id` (`tag_id`),
  CONSTRAINT `domain_tags_ibfk_1` FOREIGN KEY (`domain_id`) REFERENCES `domains` (`id`),
  CONSTRAINT `domain_tags_ibfk_2` FOREIGN KEY (`tag_id`) REFERENCES `tags` (`id`)
) ENGINE=InnoDB DEFAULT CHARSET=utf8mb4 COLLATE=utf8mb4_0900_ai_ci;
/*!40101 SET character_set_client = @saved_cs_client */;

--
-- Dumping data for table `domain_tags`
--

LOCK TABLES `domain_tags` WRITE;
/*!40000 ALTER TABLE `domain_tags` DISABLE KEYS */;
INSERT INTO `domain_tags` VALUES (1,1),(2,1),(21,1),(22,1),(26,1),(28,1),(1,2),(2,2),(1,3),(2,3),(2,4),(1,5),(2,5),(17,5),(18,5),(1,6),(2,6),(21,6),(1,7),(2,7),(5,7),(1,8),(2,9),(2,10),(1,12),(13,13),(7,16),(11,16),(14,16),(18,17),(20,17),(17,18),(6,22),(5,27),(6,27),(5,44),(6,44),(5,45),(6,45),(5,46),(6,46),(5,47),(6,47),(5,48),(6,48),(7,48),(18,48),(5,49),(6,49),(5,50),(6,50),(5,51),(15,51),(19,51),(20,51),(6,60),(7,70),(11,70),(19,70),(20,70),(7,71),(11,71),(13,71),(7,72),(7,73),(18,73),(7,74),(10,74),(14,74),(18,74),(7,75),(7,76),(11,76),(13,76),(7,77),(14,77),(15,77),(19,97),(20,97),(9,105),(9,106),(9,112),(9,113),(9,114),(9,115),(17,115),(19,115),(20,115),(10,129),(13,129),(10,130),(10,131),(10,132),(13,132),(15,132),(10,133),(10,134),(10,135),(10,136),(7,137),(11,146),(14,146),(11,147),(13,152),(13,153),(13,154),(13,155),(14,161),(14,162),(14,163),(14,164),(14,165),(15,170),(15,171),(15,172),(15,173),(15,174),(15,178),(16,179),(17,190),(17,191),(17,192),(18,192),(20,192),(17,193),(17,194),(17,195),(18,200),(18,201),(18,202),(19,203),(19,204),(20,204),(19,205),(19,206),(20,207),(22,208),(22,209),(22,210),(22,211),(22,212),(22,216),(24,216),(29,216),(22,217),(25,217),(29,217),(32,217),(33,217),(23,218),(23,219),(23,220),(23,221),(23,222),(24,228),(24,229),(24,230),(24,231),(25,237),(25,238),(25,239),(25,240),(34,240),(26,246),(26,247),(26,248),(26,249),(27,250),(27,251),(27,252),(27,253),(27,254),(28,255),(28,256),(28,257),(28,258),(28,259),(29,261),(29,269),(32,269),(29,270),(35,270),(29,271),(29,272),(29,273),(29,274),(29,275),(29,276),(32,276),(29,277),(32,291),(32,292),(32,293),(33,293),(32,294),(32,295),(32,296),(32,297),(32,298),(35,298),(32,299),(32,300),(33,300),(34,300),(35,300),(37,300),(33,313),(36,313),(33,314),(33,315),(33,316),(33,317),(33,318),(33,319),(34,323),(34,324),(34,325),(35,328),(35,329),(36,333),(36,334),(36,335),(37,337),(37,338),(37,339);
/*!40000 ALTER TABLE `domain_tags` ENABLE KEYS */;
UNLOCK TABLES;

--
-- Table structure for table `domains`
--

DROP TABLE IF EXISTS `domains`;
/*!40101 SET @saved_cs_client     = @@character_set_client */;
/*!50503 SET character_set_client = utf8mb4 */;
CREATE TABLE `domains` (
  `id` int NOT NULL AUTO_INCREMENT,
  `domain_name` varchar(255) NOT NULL,
  PRIMARY KEY (`id`),
  UNIQUE KEY `domain_name` (`domain_name`)
) ENGINE=InnoDB AUTO_INCREMENT=38 DEFAULT CHARSET=utf8mb4 COLLATE=utf8mb4_0900_ai_ci;
/*!40101 SET character_set_client = @saved_cs_client */;

--
-- Dumping data for table `domains`
--

LOCK TABLES `domains` WRITE;
/*!40000 ALTER TABLE `domains` DISABLE KEYS */;
INSERT INTO `domains` VALUES (7,'10zu8.ch'),(8,'abs.ch'),(24,'agirinfo.com'),(23,'agrisano.ch'),(25,'avr.ch'),(35,'belvedere-hotelfamilie.ch'),(21,'bouygues-es.com'),(6,'damianhunziker.net/en/dmx-bot-2'),(5,'damianhunziker.net/en/dmx-bot/'),(10,'damianhunziker.net/produkt/btc-modul-fuer-gambio-gx4'),(32,'graubuenden.ch'),(11,'gruenmatt-emmen.ch'),(20,'https://burckhardt.swiss'),(17,'https://www.mpa-info.ch'),(19,'https://www.swissuniversities.ch'),(18,'https://www.viseca.ch'),(1,'hunn.ch'),(2,'krueger.ch'),(16,'mpainfo.ch'),(33,'muwi-architektur.ch'),(13,'ortstockhaus.ch'),(29,'pdag.ch'),(37,'pontresina.ch'),(9,'reishauer.com'),(15,'saigon.ch'),(22,'sbv-usp.ch'),(36,'schneiders-davos.ch'),(28,'snowflake.ch'),(34,'stmoritz.com'),(27,'svti.ch'),(14,'swissinteractive.ch/wohnungskonfigurator'),(26,'tulux.ch');
/*!40000 ALTER TABLE `domains` ENABLE KEYS */;
UNLOCK TABLES;

--
-- Table structure for table `subtags`
--

DROP TABLE IF EXISTS `subtags`;
/*!40101 SET @saved_cs_client     = @@character_set_client */;
/*!50503 SET character_set_client = utf8mb4 */;
CREATE TABLE `subtags` (
  `id` int NOT NULL AUTO_INCREMENT,
  `subtag_name` varchar(255) NOT NULL,
  `parent_tag_id` int DEFAULT NULL,
  PRIMARY KEY (`id`),
  UNIQUE KEY `subtag_name` (`subtag_name`),
  KEY `parent_tag_id` (`parent_tag_id`),
  CONSTRAINT `subtags_ibfk_1` FOREIGN KEY (`parent_tag_id`) REFERENCES `tags` (`id`)
) ENGINE=InnoDB AUTO_INCREMENT=1797 DEFAULT CHARSET=utf8mb4 COLLATE=utf8mb4_0900_ai_ci;
/*!40101 SET character_set_client = @saved_cs_client */;

--
-- Dumping data for table `subtags`
--

LOCK TABLES `subtags` WRITE;
/*!40000 ALTER TABLE `subtags` DISABLE KEYS */;
INSERT INTO `subtags` VALUES (32,'Spacing adjustments under images',2),(33,'Three-column image layout fix',2),(34,'Mobile slider font size adjustments',2),(35,'Title spacing fixes',2),(36,'Call-to-action text wrapping fix',2),(37,'Mobile responsiveness issues',2),(38,'iPad text display issues',2),(39,'Content element translation issues',1),(40,'Page link conversion problems',1),(41,'Reference content elements translation',1),(42,'Testing content templates',1),(43,'Gallery settings configuration',1),(54,'TYPO3 support issues',14),(55,'Garden furniture returns support',14),(56,'Content element display support',14),(57,'Translation reference issues',3),(58,'French content management',3),(59,'Language switching elements',3),(60,'Page link translations',3),(61,'Display problems fixes',15),(62,'Mobile navigation fixes',15),(63,'Content alignment fixes',15),(64,'Translation conversion fixes',15),(69,'Gallery settings config',16),(70,'Image alignment and positioning',16),(71,'Media content element handling',16),(72,'Responsive image display',16),(73,'Customer account testing',17),(74,'Content template verification',17),(75,'Cross-device compatibility',17),(76,'Element functionality verification',17),(77,'Mobile navigation improvements',18),(78,'Content display optimization',18),(79,'Gallery interaction improvements',18),(80,'Responsive layout enhancements',18),(84,'Pine Script Strategy Development',19),(85,'Custom Indicator Implementation',19),(86,'Real-time Chart Analysis',19),(87,'Alert System Configuration',19),(88,'TradingView Alert Webhooks',20),(89,'Signal Validation System',20),(90,'Multi-Timeframe Analysis',20),(91,'Custom Signal Conditions',20),(99,'TradingView to Exchange Connection',21),(100,'Webhook Management',21),(101,'Signal to Order Conversion',21),(102,'Multi-Exchange Routing',21),(103,'Position Sizing Logic',22),(104,'Drawdown Control',22),(105,'Portfolio Balancing',22),(106,'Exposure Management',22),(114,'Performance Tracking',23),(115,'Trade Documentation',23),(116,'PDF Report Generation',23),(117,'Portfolio Analytics',23),(118,'Webhook Endpoint Hosting',24),(119,'Signal Processing Server',24),(120,'Database Management',24),(121,'Security Layer',24),(129,'TradingView Chart Setup',25),(130,'Custom Indicator Overlays',25),(131,'Multi-Timeframe Monitoring',25),(132,'Technical Analysis Tools',25),(133,'Alert to Trade Conversion',26),(134,'Order Execution System',26),(135,'Position Management',26),(136,'Trade Logging',26),(144,'Trend Following Indicators',27),(145,'Moving Averages',27),(146,'Bollinger Bands',27),(147,'RSI (Relative Strength Index)',27),(148,'MACD (Moving Average Convergence Divergence)',27),(149,'Volume Analysis',27),(150,'Support and Resistance Levels',27),(151,'Price Action Patterns',27),(159,'Linear Regression Analysis',27),(160,'KAMA (Kaufman Adaptive Moving Average)',27),(161,'Range Filters',27),(162,'Volatility Filters',27),(163,'Machine Learning Models',27),(164,'Grid Trading Patterns',27),(165,'Nearest Neighbor Analysis',27),(166,'Divergence Detection',27),(174,'Market Profile Analysis',27),(175,'Volume Profile Analysis',27),(176,'Order Flow Analysis',27),(177,'Market Depth Analysis',27),(178,'Risk-Reward Ratio',27),(179,'Position Sizing Optimization',27),(180,'Correlation Analysis',27),(181,'Market Regime Detection',27),(189,'Harmonic Pattern Recognition',27),(190,'Elliott Wave Analysis',27),(191,'Statistical Arbitrage',27),(192,'Mean Reversion Analysis',27),(193,'Momentum Analysis',27),(194,'Volatility Surface Analysis',27),(195,'Time Series Decomposition',27),(196,'Fractal Analysis',27),(205,'Bollinger Breakout System',44),(206,'Dynamic Stop Loss',44),(207,'Risk Management Rules',44),(208,'Swing Trading Approach',44),(209,'No Leverage Trading',44),(210,'Long/Short Positions',44),(213,'TradingView Integration',45),(214,'PineScript Development',45),(215,'German Server Hosting',45),(216,'API Connections',45),(217,'CCXT Implementation',45),(220,'Plotly Chart Generation',47),(221,'Real-time Trade Monitoring',47),(222,'Profit/Loss Calculation',47),(223,'Drawdown Analysis',47),(224,'CSV Export System',47),(227,'Social Media Presence',46),(228,'Google Ads Campaigns',46),(229,'Facebook Ads Management',46),(230,'Content Marketing',46),(231,'Performance Reports',46),(232,'Conversion Tracking',46),(234,'WhatsApp Groups',49),(235,'Admin Moderation',49),(236,'Announcement System',49),(237,'User Support',49),(238,'Community Engagement',49),(239,'Documentation',49),(241,'Multi-Pair Trading',44),(242,'Trend Following',44),(243,'High-Risk Management',44),(244,'Manual Override System',44),(245,'Position Sizing Rules',44),(246,'Market Cycle Trading',44),(248,'Position Size Control',22),(249,'10% Account Allocation',22),(250,'Drawdown Management',22),(251,'Portfolio Diversification',22),(252,'Manual Intervention Rules',22),(253,'No Leverage Policy',22),(255,'Multi-Coin Strategy',50),(256,'Market Cap Analysis',50),(257,'Crypto Winter Management',50),(258,'Economic Cycle Analysis',50),(259,'Exchange Selection',50),(260,'Crypto Market Timing',50),(262,'Automated Trading Logic',60),(263,'Signal Generation',60),(264,'Trade Execution',60),(265,'Multi-Pair Handling',60),(266,'Error Management',60),(267,'System Monitoring',60),(269,'Binance API Connection',45),(270,'PineScript Implementation',45),(271,'Multi-Exchange Support',45),(272,'API Gateway System',45),(276,'Full Scale Redesign',70),(277,'UI/UX Modernization',70),(278,'Responsive Layout',70),(279,'Mobile Optimization',70),(280,'Visual Hierarchy',70),(281,'Design System Implementation',70),(283,'Redaxo Integration',71),(284,'Module Development',71),(285,'Addon Management',71),(286,'Template Customization',71),(287,'Content Migration',71),(288,'Version Compatibility',71),(290,'Image Handling',16),(291,'Focuspoint Implementation',16),(292,'Media Library',16),(293,'Asset Organization',16),(294,'Image Optimization',16),(295,'Gallery Systems',16),(297,'Custom Modules',75),(298,'Dynamic Content Blocks',75),(299,'Team Member Module',75),(300,'Project Overview Module',75),(301,'Content Display Systems',75),(302,'Module Integration',75),(304,'Mobile-First Approach',76),(305,'Breakpoint Management',76),(306,'Responsive Images',76),(307,'Flexible Layouts',76),(308,'Mobile Navigation',76),(311,'Financial Transaction Processing',90),(312,'Payment Gateway Integration',90),(313,'Account Management',90),(314,'Financial Reporting',90),(315,'Digital Banking Platform',91),(316,'Customer Service Portal',91),(317,'Self-Service Tools',91),(318,'Online Transaction System',91),(326,'Document Management',5),(327,'Version Control',5),(328,'Content Workflow',5),(329,'Digital Asset Management',5),(330,'Task Tracking',48),(331,'Resource Allocation',48),(332,'Timeline Management',48),(333,'Project Documentation',48),(341,'Data Protection',92),(342,'Access Control',92),(343,'Compliance Monitoring',92),(344,'Security Auditing',92),(345,'Interface Design',18),(346,'Usability Testing',18),(347,'User Flow Optimization',18),(348,'Responsive Design',18),(356,'Sustainable Banking',90),(357,'Ethical Finance',90),(358,'Online Banking',90),(359,'Financial Services',90),(360,'Online Schalter Integration',91),(361,'Digital Service Portal',91),(362,'Form Management',91),(363,'Service Tiles System',91),(371,'ReactJS Components',97),(372,'CSS Architecture',97),(373,'Header Optimization',97),(374,'Tile System Design',97),(375,'Navigation Design',18),(376,'Scroll Behavior',18),(377,'Interactive Elements',18),(378,'Tile-based Interface',18),(401,'Landing Pages',73),(402,'Service Pages',73),(403,'Contact Forms',73),(404,'Multi-language Support',73),(405,'Code Review Management',98),(406,'Release Planning',98),(407,'Quality Assurance',98),(411,'Component Structure',99),(412,'API Integration',99),(413,'Performance Monitoring',99),(414,'Browser Testing',100),(415,'Responsive Testing',100),(416,'Performance Metrics',100),(417,'Security Validation',100),(421,'Banking Standards',92),(422,'Secure Communications',92),(424,'Laravel PHP',105),(425,'Vue.js',105),(426,'SQL Server',105),(427,'JavaScript/jQuery',105),(428,'WebSockets',105),(429,'Git/GitHub',105),(430,'Docker/Deployment',105),(431,'SSH/Tunneling',105),(432,'REST APIs',105),(433,'OAuth/2FA',105),(439,'Manufacturing Technology',106),(440,'Precision Engineering',106),(441,'Grinding Technology',106),(442,'Industrial Automation',106),(443,'Quality Control Systems',106),(444,'Machine Monitoring',106),(445,'Production Optimization',106),(446,'Industrial IoT',106),(454,'FFT Analysis',112),(455,'Signal Processing',112),(456,'Time Series Data',112),(457,'Amplitude Analysis',112),(458,'Frequency Spectrum',112),(459,'Cycle Management',113),(460,'Tool Monitoring',113),(461,'Position Tracking',113),(462,'Process Parameters',113),(463,'Quality Validation',113),(469,'Real-time Charts',114),(470,'Interactive Plots',114),(471,'Multi-axis Display',114),(472,'Color Scaling',114),(473,'Time Signal Views',114),(474,'Laravel Framework',115),(475,'JavaScript Integration',115),(476,'Database Optimization',115),(477,'Session Management',115),(478,'Security Controls',115),(484,'Plotly.js',105),(485,'Chart.js',105),(490,'Payment Modal Design',74),(491,'QR Code Generation',74),(492,'Status Notifications',74),(493,'Bitcoin Transaction Processing',129),(494,'Crypto Payment Gateway',129),(495,'Wallet Address Management',129),(496,'Payment Status Tracking',129),(497,'Gambio GX4 Integration',130),(498,'Shop System Compatibility',130),(499,'Order Management',130),(500,'Checkout Process',130),(508,'Blockchain.com API Integration',131),(509,'Multi-Wallet Support',131),(510,'Transaction Verification',131),(511,'Network Confirmations',131),(512,'Payment Validation',132),(513,'API Authentication',132),(514,'Secret Management',132),(515,'Error Handling',132),(523,'Payment Status Updates',133),(524,'Transaction Logging',133),(525,'Error Logging',133),(526,'IPN Processing',133),(530,'Gateway Settings',134),(531,'Order Status Management',134),(532,'API Configuration',134),(533,'Notification Setup',134),(534,'Real-time Status Updates',135),(535,'Payment Instructions',135),(536,'Timer Management',135),(537,'Cryptocurrency Payment Processing',136),(538,'Online Shop Integration',136),(539,'Payment Gateway Development',136),(540,'Digital Currency Solutions',136),(544,'Transportation Planning',137),(545,'Public Infrastructure',137),(546,'Urban Development',137),(547,'Heritage Integration',137),(548,'Technical Planning',137),(549,'Sustainable Design',137),(551,'Drag and Drop Interface',48),(552,'Project Overview System',48),(553,'Task Prioritization',48),(554,'Implementation Planning',48),(555,'Progress Tracking',48),(556,'Milestone Management',48),(557,'Redaxo 4 Migration',72),(558,'Server Configuration',72),(559,'Addon Installation',72),(560,'Performance Optimization',72),(561,'System Integration',72),(562,'Category Management',73),(563,'Project Sorting System',73),(564,'Dynamic Content Loading',73),(565,'Meta Information System',73),(566,'Content Organization',73),(567,'Structure Hierarchy',73),(568,'Navigation System',74),(569,'Project Showcase',74),(570,'Team Member Display',74),(571,'Image Management',74),(572,'Layout Flexibility',74),(573,'Addon Compatibility',77),(574,'System Updates',77),(575,'Feature Integration',77),(576,'Performance Testing',77),(577,'Security Implementation',77),(578,'Version Management',77),(579,'Property Marketing & Sales',146),(580,'Sustainability Features',146),(581,'Location Analysis',146),(582,'Infrastructure Planning',146),(583,'Community Development',146),(586,'XD to Web Conversion',70),(587,'Layout Implementation',70),(588,'Design System Adaptation',70),(589,'Typography Integration',70),(590,'Visual Components',70),(593,'Media Management',71),(594,'Template Structure',71),(595,'Dynamic Content',71),(596,'Video Integration',16),(599,'Bootstrap Framework',76),(600,'Container Optimization',76),(601,'Cross-Device Testing',76),(602,'jQuery Implementation',147),(603,'Google Maps Integration',147),(604,'Cookie Management',147),(605,'Third-Party Services',147),(609,'Hotel Booking Integration',152),(610,'Calendar Management',152),(611,'Availability Tracking',152),(612,'MobiScroll Implementation',152),(613,'Multi-Day Bookings',152),(614,'Capacity Management',152),(615,'Reservation Logic',152),(616,'Booking Validation',152),(624,'Datatrans Gateway',129),(625,'Payment Processing',129),(626,'Transaction Management',129),(627,'Voucher System',129),(628,'Payment Security',129),(629,'Authorization Flow',129),(630,'Settlement Handling',129),(631,'ERP Integration',153),(632,'CRM Implementation',153),(633,'Customer Management',153),(634,'Resource Planning',153),(635,'Inventory Management',153),(636,'Booking Analytics',153),(637,'Revenue Management',153),(638,'Cross-Browser Compatibility',76),(639,'Bootstrap Integration',76),(640,'MobiScroll UI',76),(641,'Mountain Restaurant Services',155),(642,'Tourism Operations',155),(643,'Gastronomy Management',155),(644,'Accommodation Services',155),(645,'Alpine Experience',155),(646,'Guest Relations',155),(648,'IP Whitelisting',132),(649,'Form Validation',132),(650,'Transaction Security',132),(651,'Booking Forms',154),(652,'Validation Rules',154),(653,'Success Handling',154),(654,'Data Processing',154),(655,'Guest Information',154),(658,'Cross-Browser Testing',13),(659,'Payment Flow Testing',13),(660,'Form Validation Testing',13),(661,'Email System Testing',13),(662,'Integration Testing',13),(663,'System Validation',13),(665,'Framework Implementation',161),(666,'Database Migration',161),(667,'Route Management',161),(668,'Authentication System',161),(669,'Session Handling',161),(670,'PDF Generation',161),(671,'Email Integration',161),(672,'Apartment Configuration',162),(673,'Material Selection',162),(674,'Price Calculation',162),(675,'Layout Visualization',162),(676,'Configuration Storage',162),(677,'Multi-Step Process',162),(678,'Preview Generation',162),(679,'Property Visualization',146),(680,'Floor Plan Management',146),(681,'Interior Design Options',146),(682,'Price Configuration',146),(683,'Sales Support',146),(686,'Excel Import System',163),(687,'Data Parsing',163),(688,'ID Generation',163),(689,'File Structure Management',163),(690,'Data Validation',163),(693,'Multi-Step Navigation',74),(694,'Material Preview',74),(695,'Configuration Overview',74),(696,'Interactive Selection',74),(697,'Mobile Responsiveness',74),(698,'Dashboard Interface',74),(700,'Image Processing',16),(701,'Visualization Overlay',16),(702,'Floor Plan Display',16),(703,'Gallery Management',16),(704,'File Structure',16),(707,'User Authentication',164),(708,'Secure Storage',164),(709,'Configuration Protection',164),(710,'iFrame Integration',77),(711,'PDF Export',77),(712,'Email System',77),(713,'Database Integration',77),(714,'File System Management',77),(715,'Setup Automation',77),(716,'Configuration Import',77),(717,'Setup Instructions',165),(718,'User Guidelines',165),(719,'Technical Documentation',165),(720,'Configuration Manual',165),(721,'Import Documentation',165),(722,'System Requirements',165),(723,'Installation Guide',165),(724,'Voucher Generation',170),(725,'Code Management',170),(726,'QR Code Integration',170),(727,'Validity Management',170),(728,'Redemption Tracking',170),(729,'Multi-Restaurant Support',170),(731,'Datatrans Integration',171),(732,'Transaction Validation',171),(733,'IPN Handling',171),(738,'Order History',172),(739,'Staff Access Control',172),(740,'Usage Analytics',172),(741,'Reporting System',172),(742,'Email Notifications',172),(743,'User Management',172),(745,'Template Integration',173),(746,'YForm Implementation',173),(747,'Multi-Step Forms',173),(748,'Email Templates',173),(749,'Route Handling',173),(752,'Password Encryption',132),(753,'Login Protection',132),(754,'Session Security',132),(755,'Token Management',132),(756,'IP Tracking',132),(759,'Staff Interface',51),(760,'Admin Dashboard',51),(761,'Voucher Management',51),(762,'Order Processing',51),(763,'User Administration',51),(764,'Settings Configuration',51),(766,'Refund Handling',174),(767,'Transaction History',174),(768,'Accounting Integration',174),(769,'Revenue Tracking',174),(770,'Balance Management',174),(773,'Logging System',77),(774,'Cache Management',77),(776,'Vietnamese Restaurant Services',178),(777,'Multi-Location Operations',178),(778,'Delivery Services',178),(779,'Catering Solutions',178),(780,'Digital Menu Management',178),(781,'Restaurant Booking System',178),(783,'Healthcare Administration',179),(784,'Medical Education',179),(785,'Insurance Processing',179),(786,'Practice Staff Training',179),(787,'Digital Healthcare Solutions',179),(788,'Medical Billing Services',179),(842,'Professional Training',190),(843,'Insurance Knowledge',190),(844,'Staff Development',190),(845,'Article Management',5),(846,'News Integration',5),(847,'Course Administration',5),(848,'Survey System',5),(849,'Contest Platform',5),(850,'Newsletter Management',5),(851,'Dynamic Sorting',5),(852,'Featured Content',5),(853,'Course Registration',191),(854,'Training Calendar',191),(855,'Learning Materials',191),(856,'Certification Management',191),(857,'Course Tracking',191),(858,'Resource Library',191),(859,'Event Management',191),(860,'Captcha Protection',192),(861,'Form Security',192),(862,'GDPR Compliance',192),(863,'Dynamic Rotation',193),(864,'News Automation',193),(865,'Structured Data',193),(866,'Modular Content',193),(867,'Tag Management',193),(868,'Category System',193),(869,'Insurance Information',194),(870,'Practice Tools',194),(871,'Medical Updates',194),(872,'Professional Guidelines',194),(873,'Compliance Management',194),(874,'Resource Distribution',194),(875,'Knowledge Base',194),(876,'Export Functions',195),(877,'Analytics Dashboard',195),(878,'Data Management',195),(879,'Payment Solutions',200),(880,'Credit Card Services',200),(881,'Digital Banking',200),(882,'Corporate Banking',200),(883,'Private Banking',200),(884,'Insurance Services',200),(885,'Bonus Programs',200),(895,'Blog Management',5),(896,'Author Management',5),(897,'Live Server Management',5),(904,'Tracking System',192),(905,'Certificate Management',192),(906,'User Groups Management',192),(907,'Content Type Security',192),(933,'Private Customers',201),(934,'Business Customers',201),(935,'Card Services',201),(936,'Insurance Products',201),(937,'International Operations',201),(938,'Mobile Services',202),(939,'Expense Management',202),(940,'Card Management',202),(941,'Digital Payments',202),(942,'Customer Portal',202),(943,'University Administration',203),(944,'Academic Coordination',203),(945,'Research Management',203),(946,'Educational Standards',203),(947,'International Cooperation',203),(948,'Knowledge Transfer',203),(949,'TYPO3 Implementation',204),(950,'Full Scale Conversion',204),(951,'Design Adaptation',204),(952,'Content Restructuring',204),(953,'URL Management',204),(954,'Language Handling',204),(955,'Search Integration',204),(956,'Language Fallback',205),(957,'Translation Management',205),(958,'Content Synchronization',205),(959,'URL Segmentation',205),(960,'Language Switching',205),(961,'Default Language Logic',205),(995,'Indexed Search',206),(996,'Search Fields',206),(997,'Full Text Search',206),(998,'Result Display',206),(999,'Search Configuration',206),(1000,'Filter Management',206),(1001,'Adobe XD Integration',70),(1002,'Design System',70),(1003,'Layout Migration',70),(1004,'Component Conversion',70),(1005,'Interface Adaptation',70),(1006,'Component Library',97),(1007,'Interface Elements',97),(1008,'Content Display',97),(1016,'Building Development',207),(1017,'General Planning',207),(1018,'Real Estate Management',207),(1019,'Construction Projects',207),(1020,'Property Investment',207),(1021,'Architectural Design',207),(1058,'XD to TYPO3 Migration',70),(1064,'Gallery System',70),(1065,'Footer Components',70),(1066,'Media Migration',204),(1067,'Project Portfolio',204),(1085,'Interactive Maps',97),(1086,'Page Tree Structure',97),(1087,'Backend Layouts',97),(1088,'Content Elements',97),(1089,'Frontend Integration',1),(1090,'Testing',1),(1091,'Project Management',1),(1092,'Responsiveness',6),(1093,'Load Time Optimization',6),(1114,'Agricultural Policy',208),(1115,'Farm Services',208),(1116,'Sustainable Farming',208),(1117,'Plant Protection',208),(1118,'Animal Husbandry',208),(1119,'Member Support',209),(1120,'Statistical Services',209),(1121,'News Distribution',210),(1122,'Publications',210),(1123,'Media Relations',210),(1124,'Price Monitoring',211),(1125,'Market Reports',211),(1126,'Direct Marketing',211),(1127,'Agricultural Statistics',211),(1128,'Training Programs',212),(1129,'SwissSkills',212),(1152,'Market Information',208),(1153,'Advocacy',209),(1154,'Research and Statistics',209),(1155,'Job Listings',210),(1156,'Newsletter System',210),(1157,'Backend Management',1),(1158,'Newsletter Integration',1),(1159,'Search Functionality',1),(1160,'Multilingual Content',216),(1161,'Server Management',217),(1162,'Security',217),(1163,'Backup Systems',217),(1184,'Basic Health Insurance',218),(1185,'Supplementary Insurance',218),(1186,'Daily Allowance Insurance',218),(1187,'Global Insurance',218),(1188,'Professional Pension',218),(1189,'Risk Insurance',218),(1190,'Liability Insurance',218),(1191,'Farm Insurance',219),(1192,'Prevention Services',219),(1193,'Agricultural Consulting',219),(1194,'Health Prevention',220),(1195,'Medical Advice',220),(1196,'Healthcare Network',220),(1197,'Premium Calculator',221),(1198,'Online Forms',221),(1199,'Regional Offices',222),(1200,'Insurance Consulting',222),(1201,'Claims Support',222),(1222,'Agricultural News',228),(1223,'Farm Reports',228),(1224,'Market Updates',228),(1225,'Sustainability Reports',228),(1226,'E-Learning Platform',229),(1227,'School Resources',229),(1228,'Teacher Materials',229),(1229,'Family Education',229),(1230,'Press Releases',230),(1231,'Social Media',230),(1232,'RSS Feeds',230),(1233,'Event Calendar',231),(1234,'Farm Visits',231),(1235,'Public Outreach',231),(1236,'Content Syndication',216),(1237,'Search System',216),(1238,'Video Content',216),(1259,'Employee Representation',237),(1260,'Social Partnership',237),(1261,'Salary Negotiations',237),(1262,'Employee Counseling',237),(1263,'Internal News',238),(1264,'Cross-browser Support',238),(1265,'Member Benefits',239),(1266,'Membership Management',239),(1267,'Anniversary Recognition',239),(1268,'Bike to Work',240),(1269,'Annual General Meeting',240),(1270,'Employee Events',240),(1271,'Email Delivery',217),(1272,'Browser Compatibility',217),(1273,'Newsletter Templates',217),(1274,'Access Management',217),(1275,'DNS Configuration',217),(1296,'Swiss Light Creations',246),(1297,'Custom Lighting',246),(1298,'Standard Lighting',246),(1299,'Quality Control',246),(1300,'Product Catalog',247),(1301,'Wishlist System',247),(1302,'Product Images',247),(1303,'Technical Specs',247),(1304,'Data Sheets',248),(1305,'Light Lab Results',248),(1306,'Efficiency Data',248),(1307,'Recycling Program',249),(1308,'Energy Efficiency',249),(1309,'Sustainable Materials',249),(1310,'Multilingual Support',1),(1311,'SSL Certificate',1),(1312,'Menu Navigation',1),(1313,'Map Integration',1),(1334,'Pressure Vessel Inspection',250),(1335,'Lift Inspection',250),(1336,'Pipeline Inspection',250),(1337,'Nuclear Inspection',250),(1338,'Non-Destructive Testing',250),(1339,'Equipment Certification',251),(1340,'Safety Standards',251),(1341,'Accreditation Management',251),(1342,'Technical Training',252),(1343,'Safety Courses',252),(1344,'Professional Development',252),(1345,'Application Forms',253),(1346,'Multilingual Forms',253),(1347,'Form Encryption',253),(1348,'SSL Certificates',254),(1349,'Email Encryption',254),(1350,'Nginx Configuration',254),(1371,'Digital Strategy',255),(1372,'Corporate Websites',255),(1373,'Digital Transformation',255),(1374,'TYPO3 Development',256),(1375,'Web Applications',256),(1376,'E-Commerce',256),(1377,'Headless CMS',256),(1378,'User Experience',257),(1379,'Image Slider',257),(1380,'SEO Services',258),(1381,'Digital Marketing',258),(1382,'Analytics',258),(1383,'Support Services',259),(1384,'Security Management',259),(1390,'Medical Practice Management',220),(1391,'Patient Care',220),(1392,'Medical Records',261),(1393,'Clinical Operations',220),(1394,'Psychiatric Services',261),(1395,'Mental Health Care',261),(1396,'Healthcare IT Systems',261),(1397,'Patient Management',261),(1398,'Healthcare Security',261),(1399,'Clinical Workflows',261),(1408,'Third-party System Integration',269),(1409,'Data Migration',269),(1410,'Maintenance',270),(1411,'Technical Support',270),(1412,'SSL Certification',276),(1413,'Document Security',276),(1414,'Incident Management',276),(1415,'Security Protocols',276),(1416,'Compliance Standards',276),(1417,'Audit Logging',276),(1418,'Data Encryption',276),(1419,'News Management',216),(1420,'Intranet System',216),(1421,'Frontend Development',217),(1422,'Backend Systems',217),(1423,'Navigation Systems',217),(1424,'Content Layouts',217),(1425,'User Interface',217),(1426,'System Architecture',217),(1427,'User Permissions',277),(1428,'Role-based Access',277),(1429,'Staff Directory',277),(1430,'Ticketing System',270),(1431,'User Training',270),(1432,'System Maintenance',270),(1433,'Issue Tracking',270),(1434,'Third-party Integration',269),(1435,'API Management',269),(1436,'Service Integration',269),(1437,'Authentication Systems',269),(1438,'External Services',269),(1473,'Hotel Booking System',299),(1474,'Activity Management',299),(1475,'Transportation Booking',299),(1476,'Tourism Information Portal',299),(1477,'Travel Packages',299),(1478,'Seasonal Planning',299),(1479,'Local Business Directory',299),(1480,'Event Tourism',299),(1481,'Adventure Sports Portal',299),(1482,'Restaurant Directory',299),(1483,'Weather Services',299),(1484,'Tour Guide Platform',299),(1485,'Virtual Tours',299),(1486,'Attraction Management',299),(1497,'Custom E-Commerce Platform',291),(1498,'Booking Engine Integration',291),(1499,'Product Management',291),(1500,'Shopping Cart System',291),(1504,'Template Development',300),(1505,'Content Workflows',300),(1506,'Extension Development',300),(1511,'Booking System Integration',292),(1512,'News System (tt_news)',292),(1513,'Location Services',292),(1514,'Activity Planning',292),(1515,'Tourism Package Management',292),(1516,'Seasonal Content Management',292),(1518,'Database Architecture',217),(1519,'Caching System',217),(1520,'Load Balancing',217),(1521,'CDN Integration',217),(1522,'Backup Solutions',217),(1525,'User Interface Design',293),(1526,'Design Conversion',293),(1527,'Progressive Enhancement',293),(1528,'Accessibility Standards',293),(1529,'Content Translation',294),(1530,'Regional Settings',294),(1531,'Localization Management',294),(1532,'Multi-currency Support',294),(1533,'Cultural Adaptation',294),(1534,'Language-specific SEO',294),(1539,'API Development',269),(1540,'Third-party Integrations',269),(1541,'Maps Integration',269),(1542,'Social Media Integration',269),(1543,'Analytics Integration',269),(1544,'SSL Implementation',276),(1545,'Privacy Compliance',276),(1546,'Security Monitoring',276),(1553,'Booking Flow Optimization',295),(1554,'User Journey Mapping',295),(1555,'Conversion Optimization',295),(1556,'A/B Testing',295),(1557,'Content Updates',296),(1558,'Performance Tuning',296),(1559,'Bug Fixing',296),(1560,'Feature Updates',296),(1567,'SEO Implementation',297),(1568,'Analytics Setup',297),(1569,'Campaign Tracking',297),(1570,'Marketing Automation',297),(1571,'Social Media Features',297),(1572,'Destination Marketing',299),(1573,'Hotel & Accommodation Booking',299),(1574,'Activity & Experience Management',299),(1575,'Transportation Services',299),(1576,'Tourist Information Systems',299),(1577,'Travel Package Configuration',299),(1578,'Seasonal Tourism Planning',299),(1579,'Local Business Integration',299),(1580,'Event Tourism Management',299),(1581,'Adventure Sports Booking',299),(1582,'Restaurant & Dining Services',299),(1583,'Weather Information Systems',299),(1584,'Tourist Guide Integration',299),(1585,'Virtual Tour Features',299),(1586,'Local Attraction Management',299),(1587,'Tourism Analytics',299),(1588,'Guest Review System',299),(1589,'Multi-Resort Management',299),(1590,'Tourism CRM Systems',299),(1594,'Backend User Management',300),(1602,'Visual Design Implementation',313),(1603,'Layout Conversion',313),(1604,'Design System Integration',313),(1605,'Brand Guidelines Implementation',313),(1606,'Color Scheme Management',313),(1607,'Typography Implementation',313),(1608,'Responsive Design Adaptation',313),(1609,'Design Quality Assurance',313),(1610,'Frontend Architecture',293),(1611,'Asset Management',293),(1618,'Backend Architecture',314),(1619,'Navigation Structure',315),(1620,'Menu Systems',315),(1621,'Information Architecture',315),(1622,'Breadcrumb Navigation',315),(1623,'Site Map Implementation',315),(1634,'Gallery Implementation',316),(1635,'Lightbox Integration',316),(1636,'Gallery Categories',316),(1637,'Image Lazy Loading',316),(1638,'Gallery Filtering',316),(1639,'Media Organization',316),(1640,'Gallery Templates',316),(1641,'Portfolio Management',317),(1642,'Project Categories',317),(1643,'Image Galleries',317),(1644,'Project Details',317),(1645,'Architecture Plans Display',317),(1646,'Reference Management',317),(1647,'Visual Storytelling',317),(1650,'Server Setup',217),(1651,'Security Measures',217),(1652,'Development Environment',217),(1653,'Code Optimization',318),(1666,'Project Updates',319),(1667,'Team Profiles',319),(1668,'Service Descriptions',319),(1669,'Location Integration',319),(1674,'Template System',300),(1675,'Backend Configuration',300),(1676,'Multi-language Setup',300),(1682,'Booking System Implementation',323),(1683,'Reservation Management',323),(1684,'Availability Checking',323),(1685,'Booking Workflow',323),(1686,'Payment Integration',323),(1687,'Confirmation System',323),(1690,'News System Implementation',324),(1691,'News Categories',324),(1692,'News Archive',324),(1693,'Editorial Workflow',324),(1694,'News Templates',324),(1695,'Media Integration',324),(1696,'RSS Feed',324),(1697,'News Search',324),(1698,'Event Categories',240),(1699,'Event Registration',240),(1700,'Event Details Display',240),(1701,'Date Management',240),(1702,'Event Search',240),(1703,'Event Updates',240),(1706,'Data Synchronization',325),(1714,'Content Management System',300),(1715,'Extension Configuration',300),(1716,'Template Setup',300),(1717,'Multi-Domain Setup',300),(1722,'Project Planning',298),(1723,'Stakeholder Communication',298),(1724,'Risk Management',298),(1725,'Milestone Tracking',298),(1726,'UTF-8 Implementation',328),(1727,'Character Encoding',328),(1728,'Database Configuration',328),(1729,'Security Configuration',328),(1738,'Content Management Support',270),(1739,'Update Management',270),(1740,'Documentation Support',270),(1741,'Language Configuration',329),(1742,'Multilingual SEO',329),(1743,'Translation Workflow',329),(1754,'tt_products Implementation',333),(1755,'Price Management',333),(1756,'TYPO3 Extension Setup',334),(1757,'Shop Template Integration',334),(1758,'Product Data Migration',334),(1759,'Shop Backend Setup',334),(1760,'Order Management System',334),(1761,'Product Categories Setup',334),(1762,'Shop User Management',334),(1770,'Shop Design Integration',313),(1771,'Product Display Templates',313),(1772,'Shopping Cart Design',313),(1773,'Checkout Process Design',313),(1774,'Responsive Shop Layout',313),(1775,'Category Navigation Design',313),(1776,'Product Detail Design',313),(1777,'Order Process Design',313),(1778,'Shop System Setup',335),(1779,'Product Database',335),(1780,'Order System',335),(1781,'Payment System',335),(1782,'Customer Database',335),(1783,'Inventory System',335),(1784,'Shop Analytics',335),(1786,'Content Management',300),(1787,'Extension Management',300),(1788,'Webcam Display System',337),(1789,'Live Stream Integration',337),(1790,'Webcam Management',337),(1791,'Image Updates',337),(1792,'News Display',338),(1793,'Weather Data Integration',339),(1794,'Weather Display',339),(1795,'Weather Updates',339),(1796,'Weather API Connection',339);
/*!40000 ALTER TABLE `subtags` ENABLE KEYS */;
UNLOCK TABLES;

--
-- Table structure for table `tag_subtags`
--

DROP TABLE IF EXISTS `tag_subtags`;
/*!40101 SET @saved_cs_client     = @@character_set_client */;
/*!50503 SET character_set_client = utf8mb4 */;
CREATE TABLE `tag_subtags` (
  `tag_id` int NOT NULL,
  `subtag_id` int NOT NULL,
  PRIMARY KEY (`tag_id`,`subtag_id`),
  KEY `subtag_id` (`subtag_id`),
  CONSTRAINT `tag_subtags_ibfk_1` FOREIGN KEY (`tag_id`) REFERENCES `tags` (`id`),
  CONSTRAINT `tag_subtags_ibfk_2` FOREIGN KEY (`subtag_id`) REFERENCES `subtags` (`id`)
) ENGINE=InnoDB DEFAULT CHARSET=utf8mb4 COLLATE=utf8mb4_0900_ai_ci;
/*!40101 SET character_set_client = @saved_cs_client */;

--
-- Dumping data for table `tag_subtags`
--

LOCK TABLES `tag_subtags` WRITE;
/*!40000 ALTER TABLE `tag_subtags` DISABLE KEYS */;
/*!40000 ALTER TABLE `tag_subtags` ENABLE KEYS */;
UNLOCK TABLES;

--
-- Table structure for table `tags`
--

DROP TABLE IF EXISTS `tags`;
/*!40101 SET @saved_cs_client     = @@character_set_client */;
/*!50503 SET character_set_client = utf8mb4 */;
CREATE TABLE `tags` (
  `id` int NOT NULL AUTO_INCREMENT,
  `tag_name` varchar(255) NOT NULL,
  PRIMARY KEY (`id`),
  UNIQUE KEY `tag_name` (`tag_name`)
) ENGINE=InnoDB AUTO_INCREMENT=340 DEFAULT CHARSET=utf8mb4 COLLATE=utf8mb4_0900_ai_ci;
/*!40101 SET character_set_client = @saved_cs_client */;

--
-- Dumping data for table `tags`
--

LOCK TABLES `tags` WRITE;
/*!40000 ALTER TABLE `tags` DISABLE KEYS */;
INSERT INTO `tags` VALUES (195,'AdministrativeTools'),(228,'Agricultural Information'),(219,'Agricultural Services'),(208,'Agriculture'),(21,'APIBridge'),(137,'Architecture & Infrastructure'),(317,'Architecture Presentation'),(207,'ArchitectureIndustry'),(178,'AsianGastronomy'),(209,'Association Services'),(26,'AutomationLayer'),(60,'AutomationSystem'),(314,'Backend Development'),(51,'BackendSystem'),(90,'BankingFinance'),(323,'Booking Engine Integration'),(152,'BookingSystem'),(15,'BugFixes'),(201,'BusinessOperations'),(153,'BusinessSystems'),(25,'ChartAnalysis'),(71,'CMSImplementation'),(49,'CommunityManagement'),(134,'ConfigurationSystem'),(162,'ConfiguratorSystem'),(319,'Content Features'),(216,'Content Management'),(300,'Content Management (TYPO3)'),(5,'ContentManagement'),(204,'ContentMigration'),(193,'ContentOrganization'),(73,'ContentStructure'),(172,'CRMIntegration'),(50,'CryptoExpertise'),(131,'CryptoInfrastructure'),(222,'Customer Support'),(135,'CustomerExperience'),(163,'DataManagement'),(103,'DataProcessing'),(114,'DataVisualization'),(313,'Design Conversion'),(70,'DesignConversion'),(255,'Digital Agency'),(221,'Digital Services'),(202,'DigitalServices'),(12,'Documentation'),(165,'DocumentationSystem'),(333,'E-Commerce Implementation'),(291,'E-Commerce Solutions'),(136,'EcommercePaymentSolutions'),(130,'EcommercePlatform'),(229,'Education'),(191,'EducationalSystem'),(237,'Employee Association'),(240,'Event Management'),(174,'FinancialProcessing'),(200,'FinancialServices'),(253,'Form Management'),(154,'FormManagement'),(2,'Frontend'),(293,'Frontend Development'),(97,'FrontendDevelopment'),(113,'GrindingProcess'),(220,'Healthcare'),(274,'Healthcare Documentation'),(261,'Healthcare Services'),(190,'HealthcareEducation'),(194,'HealthcareSpecific'),(203,'HigherEducation'),(259,'Hosting Services'),(101,'IndustrialAnalytics'),(106,'IndustryDomain'),(210,'Information Platform'),(45,'Infrastructure'),(218,'Insurance Services'),(7,'Integration'),(269,'Integration Services'),(238,'Internal Communications'),(161,'LaravelDevelopment'),(246,'Lighting Manufacturing'),(104,'MachineIntegration'),(211,'Market Data'),(297,'Marketing Integration'),(46,'MarketingStrategy'),(316,'Media Gallery'),(230,'Media Services'),(16,'MediaManagement'),(272,'Medical Services'),(179,'MedicalPracticeManagement'),(239,'Member Services'),(75,'ModuleDevelopment'),(47,'Monitoring'),(23,'MonitoringSystem'),(155,'MountainHospitality'),(3,'Multilingual'),(329,'Multilingual Management'),(294,'Multilingual Support'),(205,'MultilingualSystem'),(315,'Navigation & UX'),(324,'News Management'),(338,'News System'),(258,'Online Marketing'),(91,'OnlineServices'),(273,'Patient Support'),(171,'PaymentGateway'),(129,'PaymentIntegration'),(6,'Performance'),(112,'ProcessAnalytics'),(102,'ProcessMonitoring'),(247,'Product Showcase'),(9,'ProductManagement'),(212,'Professional Development'),(298,'Project Management'),(98,'ProjectCoordination'),(48,'ProjectManagement'),(271,'Psychiatric Care'),(231,'Public Relations'),(17,'QualityAssurance'),(100,'QualityControl'),(146,'RealEstateDevelopment'),(173,'RedaxoImplementation'),(76,'ResponsiveDesign'),(22,'RiskManagement'),(251,'Safety Certification'),(206,'SearchSystem'),(10,'Security'),(276,'Security & Compliance'),(254,'Security Infrastructure'),(92,'SecurityCompliance'),(192,'SecurityFramework'),(164,'SecurityImplementation'),(132,'SecurityManagement'),(24,'ServerInfrastructure'),(335,'Shop System'),(20,'SignalProcessing'),(14,'Support'),(296,'Support & Maintenance'),(270,'Support Services'),(249,'Sustainability'),(11,'SystemAdmin'),(99,'SystemArchitecture'),(77,'SystemIntegration'),(248,'Technical Documentation'),(328,'Technical Implementation'),(217,'Technical Infrastructure'),(250,'Technical Inspection'),(325,'Technical Integration'),(27,'TechnicalAnalysis'),(115,'TechnicalImplementation'),(72,'TechnicalInfrastructure'),(147,'TechnicalIntegration'),(105,'Technologies'),(13,'Testing'),(292,'Tourism Features'),(299,'TourismTravel'),(44,'TradingStrategy'),(19,'TradingViewIntegration'),(252,'Training Academy'),(133,'TransactionMonitoring'),(275,'Treatment Programs'),(1,'TYPO3'),(334,'TYPO3 Shop Integration'),(295,'User Experience'),(277,'User Management'),(18,'UserExperience'),(74,'UserInterface'),(4,'UserManagement'),(8,'UX/UI'),(257,'UX/UI Design'),(93,'UXDesign'),(170,'VoucherSystem'),(339,'Weather Integration'),(256,'Web Development'),(337,'Webcam Integration'),(318,'Website Optimization');
/*!40000 ALTER TABLE `tags` ENABLE KEYS */;
UNLOCK TABLES;
/*!40103 SET TIME_ZONE=@OLD_TIME_ZONE */;

/*!40101 SET SQL_MODE=@OLD_SQL_MODE */;
/*!40014 SET FOREIGN_KEY_CHECKS=@OLD_FOREIGN_KEY_CHECKS */;
/*!40014 SET UNIQUE_CHECKS=@OLD_UNIQUE_CHECKS */;
/*!40101 SET CHARACTER_SET_CLIENT=@OLD_CHARACTER_SET_CLIENT */;
/*!40101 SET CHARACTER_SET_RESULTS=@OLD_CHARACTER_SET_RESULTS */;
/*!40101 SET COLLATION_CONNECTION=@OLD_COLLATION_CONNECTION */;
/*!40111 SET SQL_NOTES=@OLD_SQL_NOTES */;

-- Dump completed on 2025-05-30 12:31:41
